compiler,opt
gcc,L
gcc,H
gcc,L
gcc,H
gcc,L
gcc,L
icc,L
gcc,L
gcc,H
gcc,H
gcc,L
clang,L
clang,L
gcc,H
gcc,H
gcc,H
gcc,L
gcc,H
clang,H
gcc,H
gcc,H
gcc,L
clang,H
icc,H
gcc,L
gcc,H
gcc,H
gcc,H
gcc,L
icc,H
clang,H
gcc,H
gcc,H
gcc,L
gcc,L
gcc,L
gcc,L
gcc,L
gcc,H
gcc,H
gcc,L
gcc,L
gcc,H
gcc,L
gcc,H
gcc,H
gcc,L
gcc,L
gcc,H
gcc,L
gcc,L
gcc,L
gcc,H
icc,H
gcc,H
gcc,L
gcc,H
gcc,H
gcc,L
gcc,H
gcc,H
clang,L
gcc,H
gcc,H
gcc,L
gcc,L
gcc,H
gcc,L
gcc,L
clang,L
gcc,L
gcc,L
gcc,L
gcc,L
icc,L
gcc,L
gcc,L
icc,L
gcc,H
clang,L
gcc,L
gcc,H
gcc,L
gcc,L
gcc,L
gcc,L
gcc,L
gcc,L
gcc,H
gcc,L
gcc,H
gcc,L
gcc,H
gcc,L
gcc,L
gcc,H
gcc,L
gcc,H
gcc,H
gcc,L
gcc,H
clang,H
gcc,L
clang,L
gcc,L
gcc,L
gcc,L
gcc,H
icc,L
gcc,H
gcc,L
clang,L
gcc,H
clang,L
gcc,L
gcc,L
gcc,H
clang,H
gcc,H
clang,H
gcc,L
gcc,H
gcc,H
gcc,L
gcc,H
gcc,L
gcc,H
gcc,L
gcc,L
gcc,L
gcc,L
gcc,H
gcc,L
gcc,L
gcc,L
gcc,L
gcc,L
gcc,H
gcc,H
gcc,H
gcc,H
gcc,H
gcc,L
gcc,L
gcc,L
gcc,L
clang,L
gcc,H
gcc,L
gcc,L
clang,L
gcc,H
gcc,H
gcc,H
gcc,L
gcc,H
gcc,L
gcc,L
gcc,H
gcc,H
gcc,H
gcc,L
gcc,H
gcc,L
gcc,H
gcc,H
gcc,L
gcc,L
clang,L
gcc,L
gcc,L
gcc,H
gcc,H
gcc,L
gcc,L
gcc,H
gcc,H
gcc,L
gcc,H
gcc,L
gcc,L
gcc,L
gcc,L
clang,L
gcc,L
gcc,H
gcc,H
gcc,H
gcc,H
clang,L
clang,L
gcc,H
gcc,H
icc,L
gcc,L
gcc,L
gcc,L
gcc,L
gcc,H
gcc,L
gcc,L
clang,L
icc,H
gcc,H
gcc,H
gcc,H
gcc,L
gcc,L
gcc,L
gcc,L
gcc,L
gcc,L
icc,L
clang,H
gcc,L
gcc,L
icc,L
gcc,H
gcc,H
gcc,L
gcc,L
gcc,L
gcc,L
gcc,H
clang,L
gcc,L
gcc,L
gcc,H
gcc,L
gcc,L
gcc,H
gcc,H
gcc,L
gcc,H
gcc,L
clang,L
gcc,L
clang,H
gcc,L
icc,L
icc,L
gcc,L
gcc,H
gcc,H
gcc,H
icc,L
gcc,L
gcc,L
gcc,L
gcc,H
icc,L
clang,L
gcc,L
icc,L
gcc,H
icc,H
icc,H
clang,L
gcc,L
gcc,L
gcc,H
icc,L
gcc,L
gcc,L
gcc,H
gcc,H
gcc,H
gcc,L
gcc,H
gcc,L
gcc,L
clang,H
gcc,H
gcc,L
gcc,L
gcc,H
gcc,H
gcc,H
gcc,L
gcc,L
gcc,L
gcc,L
gcc,L
gcc,H
gcc,L
gcc,H
gcc,H
gcc,L
gcc,H
gcc,L
gcc,L
gcc,L
gcc,H
gcc,L
gcc,L
gcc,L
gcc,L
icc,H
gcc,H
gcc,L
gcc,H
icc,L
gcc,L
gcc,L
gcc,L
gcc,L
gcc,L
clang,L
icc,H
gcc,L
gcc,L
clang,L
clang,H
gcc,L
gcc,L
gcc,L
gcc,L
gcc,L
clang,H
gcc,H
gcc,H
gcc,L
gcc,L
gcc,H
gcc,H
gcc,H
gcc,H
gcc,L
gcc,L
gcc,L
gcc,L
gcc,H
gcc,H
gcc,H
gcc,L
gcc,L
clang,H
clang,L
icc,L
clang,H
gcc,L
gcc,L
gcc,H
gcc,H
gcc,L
gcc,H
gcc,L
gcc,L
gcc,L
clang,L
gcc,H
gcc,L
gcc,H
clang,L
gcc,L
gcc,L
gcc,H
clang,H
gcc,H
gcc,L
gcc,L
gcc,L
gcc,L
gcc,L
gcc,L
gcc,L
gcc,L
gcc,H
gcc,L
gcc,L
icc,L
clang,L
gcc,L
gcc,H
gcc,H
gcc,L
gcc,H
gcc,L
gcc,L
gcc,L
gcc,H
gcc,L
gcc,H
gcc,H
clang,H
gcc,H
gcc,L
gcc,H
clang,L
gcc,H
gcc,L
gcc,L
gcc,L
icc,L
gcc,H
gcc,L
gcc,L
gcc,H
gcc,L
gcc,L
gcc,L
gcc,L
gcc,H
gcc,L
gcc,H
gcc,H
gcc,L
gcc,H
gcc,L
gcc,H
gcc,L
gcc,L
gcc,H
gcc,H
gcc,H
gcc,L
gcc,H
gcc,H
gcc,L
clang,L
clang,L
gcc,L
gcc,H
gcc,L
gcc,H
gcc,L
gcc,H
icc,L
gcc,L
gcc,H
gcc,H
gcc,H
gcc,H
gcc,H
gcc,L
gcc,H
gcc,H
gcc,L
gcc,H
gcc,H
gcc,H
gcc,L
gcc,H
clang,L
gcc,H
gcc,H
gcc,H
gcc,L
gcc,H
gcc,H
gcc,L
gcc,L
gcc,H
gcc,L
gcc,L
gcc,L
gcc,L
gcc,L
gcc,L
gcc,L
gcc,L
gcc,L
gcc,H
gcc,H
icc,H
gcc,L
clang,L
clang,L
gcc,L
gcc,L
gcc,L
gcc,H
clang,H
gcc,L
clang,L
gcc,L
gcc,L
gcc,L
gcc,L
clang,L
gcc,L
icc,L
gcc,L
gcc,L
gcc,H
gcc,H
gcc,H
gcc,L
gcc,L
gcc,H
gcc,L
gcc,L
clang,H
gcc,L
gcc,H
clang,L
gcc,L
clang,H
gcc,L
gcc,H
gcc,L
gcc,L
gcc,L
gcc,H
gcc,H
gcc,H
gcc,L
gcc,L
gcc,H
icc,L
gcc,L
clang,H
gcc,L
gcc,L
gcc,L
gcc,L
gcc,H
gcc,L
gcc,L
gcc,L
gcc,H
gcc,L
gcc,H
clang,L
gcc,L
icc,L
gcc,H
gcc,L
gcc,H
gcc,H
gcc,L
gcc,H
gcc,L
gcc,L
gcc,L
gcc,H
gcc,H
gcc,H
icc,L
gcc,L
gcc,L
clang,L
gcc,L
gcc,L
gcc,L
gcc,H
gcc,H
gcc,H
gcc,H
gcc,H
gcc,L
clang,H
gcc,L
gcc,H
gcc,H
clang,L
gcc,L
gcc,L
gcc,L
gcc,L
gcc,H
gcc,L
gcc,H
gcc,L
icc,L
gcc,L
gcc,L
gcc,H
clang,L
gcc,H
gcc,H
gcc,L
gcc,H
gcc,H
gcc,L
icc,L
gcc,L
gcc,L
gcc,L
gcc,H
gcc,H
gcc,L
clang,L
gcc,H
gcc,L
gcc,L
gcc,H
gcc,H
gcc,L
gcc,L
gcc,H
gcc,H
gcc,L
gcc,H
clang,L
gcc,H
gcc,H
gcc,L
gcc,L
gcc,H
icc,H
gcc,L
gcc,L
gcc,H
gcc,L
gcc,H
gcc,L
gcc,H
icc,H
icc,L
gcc,H
clang,L
gcc,L
gcc,L
gcc,H
gcc,H
gcc,H
gcc,H
gcc,H
gcc,L
gcc,L
gcc,H
gcc,L
gcc,H
gcc,H
clang,L
icc,H
gcc,H
gcc,L
gcc,H
gcc,L
gcc,H
gcc,H
gcc,L
gcc,L
gcc,H
clang,L
gcc,L
gcc,H
gcc,H
gcc,H
gcc,L
gcc,L
gcc,L
gcc,H
gcc,L
gcc,H
icc,H
icc,L
gcc,L
gcc,H
clang,H
gcc,L
gcc,H
icc,L
clang,L
gcc,L
gcc,L
gcc,H
clang,L
gcc,H
clang,H
gcc,H
gcc,L
gcc,L
gcc,H
gcc,L
gcc,L
gcc,L
gcc,L
gcc,H
gcc,L
gcc,L
gcc,H
gcc,H
gcc,L
gcc,L
gcc,L
gcc,H
gcc,L
clang,L
gcc,L
clang,L
gcc,L
gcc,L
clang,L
gcc,L
gcc,L
gcc,L
gcc,H
clang,L
gcc,L
icc,L
gcc,L
gcc,L
gcc,L
gcc,L
clang,H
gcc,H
gcc,L
gcc,L
gcc,H
gcc,L
gcc,L
gcc,L
gcc,L
gcc,H
gcc,H
gcc,L
gcc,L
gcc,L
gcc,L
gcc,L
gcc,H
gcc,H
gcc,L
gcc,H
gcc,L
gcc,L
gcc,H
gcc,H
gcc,L
gcc,L
gcc,L
icc,L
gcc,H
gcc,L
gcc,H
gcc,L
gcc,L
gcc,L
gcc,H
gcc,L
gcc,L
gcc,H
gcc,H
icc,L
icc,L
gcc,L
gcc,H
gcc,H
gcc,L
gcc,H
gcc,H
gcc,L
gcc,H
gcc,L
gcc,L
gcc,H
gcc,H
gcc,H
gcc,H
gcc,L
icc,L
gcc,L
gcc,L
gcc,H
gcc,H
gcc,L
icc,L
gcc,H
gcc,L
icc,L
gcc,L
gcc,H
gcc,H
clang,L
icc,L
gcc,H
gcc,L
icc,H
gcc,H
gcc,L
gcc,H
clang,L
icc,L
gcc,L
gcc,L
clang,L
gcc,H
icc,L
gcc,H
gcc,L
gcc,H
icc,L
gcc,L
gcc,H
gcc,L
icc,L
gcc,H
gcc,L
gcc,L
gcc,L
gcc,L
gcc,L
gcc,H
gcc,L
gcc,L
gcc,L
clang,L
icc,L
gcc,H
gcc,L
gcc,H
gcc,H
icc,H
gcc,L
gcc,H
gcc,L
gcc,H
clang,L
gcc,H
gcc,L
gcc,L
icc,H
gcc,L
icc,L
gcc,L
gcc,H
gcc,L
gcc,L
gcc,H
gcc,L
gcc,L
gcc,L
gcc,H
clang,H
gcc,L
gcc,H
gcc,H
gcc,L
gcc,H
gcc,H
gcc,L
gcc,L
gcc,L
gcc,L
gcc,L
clang,L
clang,L
gcc,L
clang,H
gcc,H
gcc,L
gcc,L
gcc,L
gcc,L
gcc,L
gcc,L
gcc,H
clang,H
gcc,H
gcc,L
clang,H
gcc,L
gcc,L
icc,H
gcc,H
gcc,L
gcc,H
clang,L
gcc,H
gcc,H
icc,L
icc,L
gcc,H
icc,H
gcc,L
gcc,L
gcc,H
gcc,L
gcc,L
gcc,H
gcc,H
gcc,H
gcc,L
gcc,L
gcc,H
gcc,L
gcc,L
clang,H
clang,L
icc,L
gcc,L
gcc,L
clang,L
gcc,H
clang,L
clang,L
gcc,L
gcc,H
gcc,L
gcc,H
gcc,L
gcc,H
gcc,H
gcc,H
gcc,H
gcc,H
gcc,L
gcc,L
gcc,L
gcc,H
clang,L
gcc,H
gcc,L
gcc,H
gcc,L
clang,L
gcc,H
gcc,L
gcc,H
gcc,H
icc,H
gcc,L
gcc,L
gcc,H
gcc,L
clang,L
gcc,L
gcc,H
icc,H
gcc,L
gcc,L
gcc,L
gcc,L
gcc,H
gcc,L
gcc,H
clang,L
gcc,L
gcc,L
gcc,H
gcc,L
gcc,L
gcc,H
clang,L
icc,L
gcc,H
gcc,L
clang,H
gcc,H
icc,L
gcc,H
gcc,L
gcc,H
gcc,H
clang,H
gcc,H
gcc,L
gcc,H
gcc,L
gcc,L
gcc,L
icc,L
clang,H
gcc,L
gcc,L
gcc,L
gcc,L
clang,H
gcc,L
gcc,H
gcc,H
gcc,H
gcc,L
clang,H
clang,H
gcc,H
gcc,L
icc,L
clang,L
gcc,L
icc,L
gcc,H
icc,L
gcc,H
gcc,L
icc,L
gcc,L
clang,L
gcc,L
gcc,H
icc,L
gcc,L
gcc,H
gcc,L
gcc,H
gcc,L
gcc,H
gcc,L
gcc,L
gcc,L
gcc,H
gcc,H
gcc,L
gcc,L
gcc,H
icc,L
gcc,H
icc,L
icc,H
icc,H
icc,L
icc,L
icc,H
icc,H
icc,L
icc,H
icc,L
clang,H
icc,L
gcc,L
icc,L
icc,L
icc,H
icc,L
icc,L
icc,L
icc,H
icc,L
icc,H
icc,H
icc,L
icc,L
icc,H
icc,H
icc,H
icc,H
icc,L
icc,H
icc,L
icc,L
icc,H
icc,L
icc,L
icc,H
icc,L
icc,L
icc,L
icc,H
icc,L
icc,L
icc,H
icc,L
icc,L
icc,H
icc,H
icc,H
icc,H
icc,L
icc,L
icc,L
icc,L
icc,H
gcc,L
icc,H
icc,H
icc,L
icc,L
icc,H
icc,H
clang,L
clang,L
icc,L
clang,L
icc,L
icc,H
icc,L
icc,H
clang,H
icc,H
icc,H
icc,L
clang,L
clang,H
icc,L
gcc,L
icc,H
icc,H
icc,L
clang,L
icc,H
icc,H
icc,H
icc,L
icc,L
icc,H
icc,L
icc,L
icc,H
gcc,H
icc,L
icc,L
icc,L
icc,H
gcc,L
icc,L
icc,L
icc,L
icc,H
icc,H
icc,H
icc,L
icc,H
icc,L
icc,H
icc,L
icc,H
icc,L
icc,L
icc,L
icc,L
icc,H
icc,L
icc,L
icc,H
icc,L
icc,H
icc,L
icc,H
icc,H
icc,H
icc,H
icc,H
icc,L
icc,L
icc,H
icc,H
icc,H
icc,L
icc,H
icc,H
icc,H
icc,L
icc,L
icc,L
icc,L
icc,H
icc,L
icc,L
icc,L
icc,H
icc,H
icc,H
icc,L
icc,L
icc,L
icc,H
icc,L
icc,L
icc,L
icc,H
icc,L
icc,H
icc,L
icc,H
clang,L
icc,L
icc,H
icc,L
icc,L
icc,L
icc,L
icc,H
icc,L
gcc,L
icc,L
icc,L
icc,L
icc,L
icc,H
icc,H
icc,L
icc,H
icc,H
icc,H
icc,H
icc,L
icc,L
clang,H
icc,L
icc,L
icc,H
icc,L
icc,H
icc,H
icc,H
icc,L
icc,L
icc,H
icc,H
icc,H
clang,L
icc,L
icc,H
icc,L
icc,H
clang,L
clang,H
icc,H
icc,H
icc,L
icc,L
icc,L
icc,L
icc,H
icc,L
icc,L
icc,H
icc,L
icc,L
icc,H
icc,L
icc,L
icc,L
icc,H
icc,L
icc,L
icc,H
icc,L
icc,L
icc,H
icc,L
icc,L
icc,L
icc,L
icc,L
clang,L
icc,L
icc,H
icc,L
icc,L
icc,H
icc,H
clang,L
clang,H
icc,H
icc,H
icc,L
gcc,L
icc,H
icc,L
icc,H
icc,H
icc,H
icc,L
icc,H
icc,H
icc,L
icc,H
clang,L
icc,L
icc,L
icc,L
icc,L
icc,H
icc,L
icc,L
icc,H
icc,H
icc,L
icc,L
icc,H
gcc,L
clang,H
icc,L
icc,L
icc,L
icc,L
icc,L
icc,H
clang,L
icc,H
icc,H
icc,L
icc,H
icc,L
icc,L
icc,H
icc,L
gcc,L
icc,H
icc,L
icc,L
clang,L
icc,H
icc,H
clang,L
gcc,L
icc,L
icc,H
icc,L
icc,H
clang,H
icc,L
icc,L
icc,L
icc,L
icc,H
icc,L
icc,L
icc,L
icc,L
icc,L
icc,H
icc,L
icc,L
icc,L
icc,L
icc,H
icc,L
icc,L
icc,H
icc,H
icc,L
icc,L
clang,L
icc,L
icc,H
icc,L
icc,H
icc,H
icc,L
icc,H
icc,L
icc,H
icc,H
icc,L
icc,H
icc,H
icc,L
icc,H
clang,L
icc,H
clang,H
icc,H
icc,H
icc,H
icc,L
icc,H
icc,L
icc,H
gcc,L
icc,L
icc,H
icc,H
icc,L
icc,L
icc,L
icc,L
icc,L
icc,H
gcc,H
icc,H
icc,H
clang,L
icc,L
icc,H
icc,L
gcc,L
icc,L
icc,H
clang,L
icc,L
icc,L
icc,L
icc,L
icc,L
icc,H
gcc,H
icc,H
icc,H
icc,L
icc,L
icc,L
icc,H
icc,L
icc,H
icc,H
icc,H
icc,H
icc,H
icc,L
icc,L
icc,L
icc,L
clang,L
icc,H
clang,H
icc,L
icc,L
icc,L
icc,L
clang,H
clang,H
icc,L
icc,H
icc,H
clang,L
icc,L
icc,H
icc,H
icc,H
icc,H
icc,L
icc,H
icc,L
icc,L
icc,L
icc,L
icc,L
icc,L
icc,L
icc,L
gcc,H
icc,L
icc,H
icc,L
gcc,L
icc,L
icc,H
icc,L
icc,L
icc,H
icc,L
icc,L
icc,H
icc,H
icc,L
icc,L
icc,H
icc,H
icc,L
icc,L
icc,H
clang,L
icc,L
icc,H
clang,H
icc,L
icc,H
icc,L
clang,L
icc,L
icc,L
icc,H
icc,L
icc,L
icc,H
clang,L
icc,H
clang,L
icc,L
icc,H
icc,H
icc,L
icc,L
icc,L
clang,L
icc,H
icc,L
icc,H
icc,L
icc,L
icc,L
icc,H
clang,L
icc,H
icc,L
icc,L
icc,H
icc,L
icc,H
icc,H
icc,L
icc,H
icc,H
clang,L
icc,L
icc,H
icc,L
icc,L
icc,H
icc,H
clang,H
icc,L
icc,L
icc,H
icc,L
icc,H
clang,H
icc,L
clang,L
icc,L
icc,L
icc,H
icc,H
icc,L
icc,H
icc,L
icc,H
icc,H
icc,L
icc,L
icc,L
icc,L
icc,L
icc,H
icc,L
icc,L
icc,L
icc,L
icc,L
icc,L
icc,L
icc,L
icc,H
clang,L
icc,H
icc,H
icc,L
icc,L
icc,L
icc,H
icc,H
clang,H
icc,L
icc,L
icc,L
icc,L
clang,L
icc,L
clang,L
icc,L
icc,L
icc,L
icc,H
icc,L
icc,H
icc,L
icc,L
icc,L
icc,H
icc,L
icc,L
gcc,L
icc,L
clang,L
gcc,L
icc,L
icc,H
icc,L
icc,L
icc,L
icc,H
gcc,H
icc,H
icc,L
icc,L
icc,L
icc,L
gcc,L
icc,H
icc,L
clang,H
icc,H
icc,L
icc,L
icc,L
icc,L
icc,H
icc,L
gcc,L
icc,L
icc,H
icc,L
clang,L
icc,L
icc,L
icc,L
icc,L
clang,L
icc,L
icc,L
icc,L
icc,H
icc,L
icc,L
icc,H
icc,H
icc,L
icc,L
icc,L
clang,L
icc,H
icc,H
icc,H
icc,H
icc,L
icc,L
icc,H
icc,L
icc,H
icc,L
icc,L
icc,L
icc,L
icc,L
icc,L
icc,L
icc,H
icc,H
icc,H
icc,L
icc,H
icc,L
icc,H
gcc,L
icc,L
icc,H
icc,L
icc,L
icc,L
icc,L
icc,L
icc,L
icc,L
icc,L
icc,L
icc,L
icc,L
icc,L
icc,H
icc,L
icc,H
icc,L
icc,L
icc,L
icc,L
clang,H
icc,L
icc,L
icc,H
icc,H
icc,H
icc,L
clang,H
clang,L
icc,L
icc,L
icc,L
icc,L
icc,H
icc,L
icc,H
icc,L
icc,H
icc,H
icc,L
icc,H
icc,L
icc,H
icc,H
icc,H
icc,H
icc,H
icc,H
icc,L
icc,L
icc,H
icc,L
icc,L
icc,L
icc,H
icc,H
icc,H
icc,L
icc,H
icc,L
icc,H
icc,L
gcc,L
icc,L
icc,L
icc,L
gcc,L
clang,H
icc,L
icc,H
icc,H
icc,H
icc,L
icc,H
icc,L
icc,L
icc,H
icc,L
icc,L
icc,H
icc,L
icc,L
icc,L
icc,L
icc,H
icc,H
icc,H
icc,L
icc,L
icc,L
icc,H
icc,H
icc,H
icc,L
icc,H
gcc,L
icc,L
icc,H
icc,L
icc,H
icc,H
icc,L
icc,H
icc,L
icc,L
icc,H
icc,H
gcc,H
icc,L
icc,L
icc,L
icc,H
icc,L
icc,L
icc,H
clang,H
icc,L
icc,L
icc,H
icc,L
clang,H
icc,L
clang,L
icc,L
icc,H
clang,L
icc,L
icc,H
icc,H
icc,L
clang,L
gcc,L
icc,L
icc,L
icc,H
icc,H
icc,L
icc,L
icc,L
gcc,L
icc,L
icc,H
clang,L
icc,H
icc,L
icc,H
icc,H
icc,H
icc,L
icc,L
icc,H
icc,H
icc,L
icc,L
icc,L
icc,H
icc,H
icc,H
icc,H
icc,L
icc,L
icc,L
icc,H
clang,L
clang,L
icc,L
icc,H
icc,H
icc,L
icc,H
icc,L
icc,L
icc,L
icc,L
icc,H
clang,L
clang,L
icc,H
icc,H
icc,L
icc,H
icc,H
icc,H
icc,L
icc,H
icc,L
icc,L
icc,H
icc,H
icc,L
icc,L
icc,H
icc,H
icc,L
icc,L
icc,L
icc,H
icc,L
icc,L
icc,L
icc,L
icc,H
icc,L
icc,H
icc,L
icc,H
icc,L
icc,H
icc,H
icc,H
icc,H
icc,L
icc,L
icc,H
icc,H
icc,L
icc,L
icc,L
icc,L
icc,L
icc,L
icc,L
icc,L
icc,L
icc,L
icc,L
icc,H
icc,H
icc,H
icc,L
icc,L
icc,L
icc,L
icc,L
gcc,L
icc,H
clang,L
icc,H
icc,L
icc,L
icc,L
icc,L
icc,L
icc,H
icc,L
icc,H
icc,H
icc,H
icc,H
icc,L
icc,L
icc,L
clang,L
icc,L
clang,H
clang,L
icc,H
icc,H
icc,L
icc,L
icc,H
icc,L
icc,L
icc,L
clang,L
icc,L
icc,L
icc,H
icc,H
icc,L
icc,L
icc,L
icc,H
icc,H
icc,L
icc,H
icc,L
icc,L
icc,L
icc,L
icc,L
icc,H
icc,L
icc,H
clang,L
icc,L
icc,H
icc,H
icc,H
icc,L
icc,L
icc,L
icc,H
icc,H
icc,L
icc,L
icc,L
icc,L
icc,H
icc,L
icc,L
icc,H
icc,H
icc,H
clang,H
icc,L
icc,L
icc,L
icc,L
icc,H
icc,L
icc,L
icc,H
icc,L
icc,L
icc,H
icc,L
icc,H
icc,H
icc,L
icc,L
icc,H
icc,L
icc,H
icc,H
icc,H
icc,H
icc,L
icc,H
icc,L
icc,L
icc,L
icc,L
icc,L
icc,L
gcc,L
icc,H
icc,H
icc,H
icc,L
icc,H
clang,H
icc,H
icc,L
icc,L
clang,L
icc,L
gcc,L
icc,H
icc,H
icc,L
icc,H
icc,L
icc,L
icc,L
icc,L
icc,L
icc,L
icc,H
icc,L
icc,H
icc,H
icc,L
clang,L
icc,H
icc,H
icc,H
icc,H
icc,L
icc,H
icc,H
icc,L
icc,L
icc,L
icc,L
icc,L
icc,L
icc,H
icc,L
icc,H
clang,L
clang,H
clang,L
clang,L
clang,L
icc,L
clang,L
gcc,H
clang,H
clang,L
clang,H
clang,L
clang,L
icc,L
clang,L
clang,L
clang,H
clang,H
clang,H
clang,L
clang,H
clang,L
clang,L
clang,L
clang,H
clang,L
clang,L
clang,H
clang,H
clang,H
clang,H
clang,H
gcc,H
gcc,H
clang,L
clang,L
clang,L
clang,H
gcc,L
clang,H
clang,L
clang,H
gcc,L
clang,H
clang,H
clang,L
clang,H
clang,L
gcc,H
icc,L
clang,H
clang,H
clang,H
clang,H
clang,L
clang,L
clang,L
clang,L
clang,H
clang,L
clang,H
icc,L
clang,L
clang,L
clang,H
clang,L
gcc,H
clang,H
clang,H
clang,H
clang,L
icc,L
clang,L
clang,H
icc,L
clang,L
icc,H
icc,L
clang,L
clang,H
clang,L
clang,H
clang,L
clang,L
clang,L
clang,H
clang,L
clang,L
clang,H
clang,L
clang,L
clang,L
clang,L
clang,H
clang,L
clang,H
clang,H
clang,L
clang,L
clang,L
clang,L
clang,L
clang,H
clang,H
clang,H
clang,H
clang,H
gcc,L
clang,L
clang,H
gcc,L
gcc,L
clang,H
clang,L
clang,L
clang,L
clang,L
clang,H
clang,H
clang,L
clang,L
clang,H
clang,H
clang,H
clang,L
clang,L
clang,L
clang,H
clang,H
clang,L
clang,L
clang,L
clang,H
icc,H
clang,L
clang,H
clang,L
clang,H
clang,L
clang,H
clang,L
clang,L
clang,H
clang,L
clang,L
clang,H
clang,L
clang,H
clang,H
clang,H
gcc,L
clang,H
clang,H
clang,L
icc,L
clang,H
clang,H
clang,H
clang,L
clang,L
gcc,H
clang,H
clang,L
clang,H
clang,H
gcc,L
clang,H
clang,L
clang,H
clang,H
clang,H
clang,H
clang,L
clang,H
clang,H
clang,H
clang,H
clang,L
clang,H
icc,L
clang,L
clang,L
clang,H
icc,H
gcc,L
clang,H
clang,H
clang,L
clang,H
clang,H
icc,H
clang,L
clang,H
clang,L
gcc,L
clang,L
clang,H
clang,H
clang,L
clang,L
clang,H
clang,L
clang,L
clang,L
icc,H
clang,H
clang,H
clang,H
clang,H
gcc,H
clang,L
clang,L
clang,H
clang,H
clang,L
clang,L
clang,H
clang,L
clang,L
clang,L
gcc,L
clang,H
clang,L
clang,H
clang,L
clang,L
clang,L
clang,H
clang,H
clang,L
clang,H
clang,H
clang,H
clang,H
clang,L
clang,L
clang,L
clang,L
clang,H
clang,H
clang,H
clang,H
clang,L
clang,H
gcc,L
clang,L
clang,H
icc,H
icc,H
clang,L
gcc,L
clang,L
clang,L
clang,L
clang,L
gcc,L
clang,L
clang,H
clang,H
clang,L
icc,L
clang,L
gcc,L
clang,L
clang,L
clang,H
clang,H
clang,L
clang,L
clang,H
clang,L
clang,L
clang,H
clang,H
clang,L
clang,H
gcc,L
clang,L
clang,L
clang,H
clang,H
gcc,L
clang,L
clang,L
clang,L
clang,L
clang,H
clang,L
clang,L
clang,H
clang,L
clang,L
icc,L
clang,L
clang,L
clang,L
clang,L
clang,H
clang,L
clang,L
clang,H
gcc,H
icc,L
clang,H
clang,L
clang,H
clang,L
clang,L
clang,L
clang,L
clang,H
clang,L
gcc,L
clang,H
clang,H
clang,H
clang,L
icc,L
clang,H
clang,L
clang,H
clang,L
clang,L
clang,H
clang,L
icc,H
clang,L
clang,L
clang,H
clang,L
icc,L
clang,H
clang,H
clang,L
clang,L
clang,L
clang,H
clang,L
icc,L
clang,L
clang,L
clang,L
clang,L
clang,H
clang,L
clang,L
clang,H
icc,L
clang,H
clang,H
clang,H
clang,H
gcc,H
clang,L
clang,L
clang,H
clang,H
clang,L
clang,L
clang,H
clang,H
clang,H
clang,L
clang,L
clang,L
clang,L
clang,L
clang,H
clang,L
clang,L
clang,L
clang,H
clang,L
icc,L
clang,L
clang,H
gcc,L
clang,L
clang,H
clang,H
clang,L
clang,L
clang,L
gcc,L
clang,H
clang,L
clang,H
icc,H
clang,H
clang,L
clang,H
clang,H
clang,L
clang,L
clang,L
clang,L
clang,L
clang,L
clang,L
clang,L
clang,L
clang,H
clang,L
clang,H
clang,L
clang,H
clang,L
clang,L
clang,L
clang,L
icc,L
clang,H
icc,L
clang,H
clang,H
clang,H
clang,H
clang,L
clang,H
clang,L
clang,L
clang,H
clang,H
clang,L
clang,H
clang,L
clang,L
clang,H
clang,L
clang,L
clang,L
clang,L
clang,L
clang,H
clang,L
gcc,L
clang,L
clang,L
clang,L
clang,H
clang,L
clang,H
clang,L
clang,L
clang,H
clang,H
icc,L
clang,H
clang,L
clang,L
clang,H
clang,L
clang,H
clang,L
clang,H
clang,L
clang,L
clang,H
gcc,H
clang,L
clang,L
clang,L
clang,H
gcc,H
clang,H
clang,L
clang,L
clang,H
clang,L
clang,L
gcc,H
icc,H
gcc,L
clang,L
clang,L
clang,H
clang,H
clang,L
clang,H
clang,L
clang,L
clang,L
clang,H
clang,H
clang,L
clang,H
clang,L
clang,H
clang,H
clang,L
clang,H
clang,H
clang,L
gcc,L
clang,L
gcc,L
clang,L
clang,H
icc,L
clang,H
clang,H
clang,H
clang,L
clang,L
clang,L
clang,L
clang,H
clang,H
clang,L
clang,H
clang,H
clang,H
icc,L
clang,L
clang,H
clang,H
clang,H
clang,H
clang,L
clang,H
clang,L
clang,L
clang,H
clang,L
clang,L
clang,L
clang,L
gcc,L
clang,L
clang,L
clang,H
gcc,L
clang,L
clang,L
clang,L
clang,H
clang,L
clang,H
clang,L
clang,H
icc,H
gcc,L
clang,L
clang,L
icc,H
icc,L
clang,L
clang,L
clang,H
clang,L
gcc,L
clang,H
clang,H
clang,L
clang,L
clang,L
clang,L
clang,H
clang,L
clang,L
gcc,H
clang,L
clang,H
clang,L
clang,L
clang,L
clang,H
clang,H
clang,H
clang,L
clang,H
clang,L
clang,H
gcc,H
clang,H
clang,L
clang,H
clang,H
gcc,L
clang,L
clang,L
clang,H
clang,L
clang,L
clang,L
clang,H
clang,L
clang,L
clang,L
clang,L
clang,H
clang,L
clang,L
icc,H
clang,L
clang,H
clang,H
clang,L
clang,H
clang,H
clang,H
clang,L
clang,L
clang,L
clang,H
clang,H
clang,L
clang,H
clang,L
clang,H
icc,L
clang,L
gcc,L
clang,H
clang,H
clang,L
clang,L
clang,L
clang,L
clang,H
clang,L
clang,L
clang,H
icc,H
gcc,L
clang,L
clang,L
clang,H
clang,L
clang,L
clang,H
clang,L
clang,H
clang,L
clang,H
clang,H
clang,H
clang,L
clang,L
gcc,H
clang,L
gcc,L
clang,L
clang,L
clang,L
clang,L
icc,L
clang,L
clang,L
clang,L
clang,L
clang,H
clang,L
clang,L
clang,H
clang,H
clang,H
clang,H
clang,L
clang,H
gcc,H
clang,H
clang,L
clang,L
clang,L
icc,H
clang,H
clang,H
clang,H
clang,H
clang,H
clang,H
icc,L
clang,H
icc,L
gcc,L
clang,H
clang,H
clang,L
clang,L
clang,L
clang,H
icc,H
clang,H
clang,L
clang,H
clang,L
clang,L
clang,L
clang,L
clang,H
clang,H
clang,H
clang,H
clang,H
clang,L
gcc,L
clang,H
clang,L
clang,L
clang,H
clang,H
clang,H
clang,L
clang,L
gcc,L
clang,H
clang,L
clang,L
clang,L
clang,L
clang,L
clang,H
clang,L
clang,H
clang,H
clang,L
clang,L
clang,H
clang,L
clang,H
clang,H
clang,L
clang,H
clang,H
clang,H
clang,L
clang,L
clang,L
clang,H
clang,H
clang,L
clang,L
clang,L
clang,L
clang,H
clang,L
clang,L
clang,H
clang,L
clang,L
clang,H
clang,H
clang,L
clang,L
clang,H
clang,L
clang,L
clang,H
clang,L
clang,H
clang,H
clang,L
clang,H
clang,L
clang,H
clang,L
clang,L
clang,L
clang,L
clang,H
clang,L
clang,H
clang,L
icc,L
clang,L
clang,L
clang,L
clang,L
clang,H
clang,L
clang,L
clang,L
clang,H
gcc,H
clang,L
clang,H
clang,L
clang,L
clang,L
clang,H
clang,L
clang,L
clang,H
clang,L
clang,L
clang,H
clang,L
clang,L
clang,H
clang,L
clang,L
clang,L
clang,H
clang,H
clang,L
clang,L
clang,H
gcc,H
clang,L
clang,H
clang,H
clang,L
clang,H
gcc,L
clang,H
clang,L
clang,L
clang,L
clang,H
clang,H
clang,H
clang,L
clang,H
clang,H
clang,H
icc,H
clang,L
clang,L
clang,H
clang,H
clang,L
clang,L
gcc,L
clang,L
icc,H
clang,L
clang,L
gcc,L
clang,L
clang,H
clang,L
clang,L
clang,L
clang,L
clang,H
gcc,L
clang,L
clang,H
clang,H
clang,L
clang,L
clang,L
clang,L
clang,H
clang,H
clang,L
clang,H
clang,L
clang,L
clang,H
clang,H
clang,L
clang,L
gcc,L
clang,L
clang,L
gcc,H
clang,H
icc,H
clang,L
gcc,L
clang,L
clang,H
clang,H
clang,L
clang,L
icc,L
clang,H
clang,H
clang,H
clang,H
clang,L
clang,H
clang,L
clang,L
icc,H
clang,H
clang,H
clang,L
clang,H
clang,L
clang,L
clang,L
clang,L
clang,H
clang,L
clang,H
gcc,H
clang,H
clang,L
gcc,L
icc,H
clang,L
clang,L
clang,L
clang,L
clang,L
clang,L
clang,L
clang,L
gcc,L
clang,L
clang,L
clang,L
clang,H
clang,H
clang,H
clang,H
clang,H
clang,L
clang,L
clang,L
clang,L
clang,H
clang,L
clang,H
clang,L
clang,H
clang,H
clang,H
gcc,L
clang,L
clang,L
clang,L
clang,H
clang,L
clang,H
clang,L
clang,L
clang,L
clang,H
clang,H
clang,L
clang,L
clang,H
clang,H
clang,H
clang,L
clang,H
clang,H
clang,L
clang,H
gcc,H
clang,L
clang,H
clang,H
clang,L
clang,H
clang,L
clang,H
clang,H
clang,L
clang,L
clang,L
clang,L
clang,L
clang,L
clang,L
clang,H
clang,H
clang,L
clang,L
clang,H
clang,L
gcc,L
clang,L
clang,H
clang,L
clang,L
clang,L
clang,H
clang,H
clang,H
clang,L
clang,L
clang,L
clang,L
clang,L
clang,H
gcc,L
clang,H
icc,L
clang,H
clang,H
clang,L
clang,L
clang,H
clang,L
clang,L
clang,L
clang,L
clang,H
icc,L
clang,L
clang,H
clang,L
gcc,L
clang,H
clang,L
